Authors,Year,studyID,Lat,Long,Location,FireRegime,Duration,Ecosystem,Fire_Type,TSF,PlotSize(m^2),crustType,Exp.Type,aridity,avg_avg_c,avg_max_c,avg_min_c,avg_precip,avg_rad,avg_vapor,avg_wind,Burn.Cover,Burn.n,Burn.se,Cont.Cover,Cont.n,Cont.se,CrustCover
Aanderud et al. ,2019,Aanderud et al. 2019,40.09095,-112.3051,Utah,IV,medium,Shrubland,Prescribed,0,LineIntercept,cyanobacteria/algae,BurnControl,1702,9.087,17.0479,1.1289,28,10406,0.555,3.2579,0,10,0,18,10,3.8,18
Aanderud et al. ,2019,Aanderud et al. 2019,40.09095,-112.3051,Utah,IV,medium,Shrubland,Prescribed,0,LineIntercept,bryophyte,BurnControl,1702,9.087,17.0479,1.1289,28,10406,0.555,3.2579,0,10,0,7.5,10,1.8,7.5
Aanderud et al. ,2019,Aanderud et al. 2019,40.09095,-112.3051,Utah,IV,medium,Shrubland,Prescribed,0,LineIntercept,lichen,BurnControl,1702,9.087,17.0479,1.1289,28,10406,0.555,3.2579,0,10,0,0,10,0,0
Aanderud et al. ,2019,Aanderud et al. 2019,40.09095,-112.3051,Utah,IV,medium,Shrubland,Prescribed,0,LineIntercept,lichen,BurnControl,1702,9.087,17.0479,1.1289,28,10406,0.555,3.2579,0,10,0,0.63,10,0.63,0.63
Aanderud et al. ,2019,Aanderud et al. 2019,40.09095,-112.3051,Utah,IV,medium,Shrubland,Prescribed,0,LineIntercept,lichen,BurnControl,1702,9.087,17.0479,1.1289,28,10406,0.555,3.2579,0,10,0,1.3,10,1.3,1.3
Aanderud et al. ,2019,Aanderud et al. 2019,40.09095,-112.3051,Utah,IV,medium,Shrubland,Prescribed,0,LineIntercept,lichen,BurnControl,1702,9.087,17.0479,1.1289,28,10406,0.555,3.2579,0,10,0,0,10,0,0
Aanderud et al. ,2019,Aanderud et al. 2019,40.09095,-112.3051,Utah,IV,medium,Shrubland,Prescribed,0,LineIntercept,lichen,BurnControl,1702,9.087,17.0479,1.1289,28,10406,0.555,3.2579,0,10,0,0,10,0,0
Aanderud et al. ,2019,Aanderud et al. 2019,40.09095,-112.3051,Utah,IV,medium,Shrubland,Prescribed,0,LineIntercept,lichen,BurnControl,1702,9.087,17.0479,1.1289,28,10406,0.555,3.2579,0,10,0,3.8,10,2.1,3.8
Aanderud et al. ,2019,Aanderud et al. 2019,40.09095,-112.3051,Utah,IV,medium,Shrubland,Prescribed,0,LineIntercept,lichen,BurnControl,1702,9.087,17.0479,1.1289,28,10406,0.555,3.2579,0,10,0,17,10,5.6,17
Aanderud et al. ,2019,Aanderud et al. 2019,40.09095,-112.3051,Utah,IV,medium,Shrubland,Prescribed,12,LineIntercept,cyanobacteria/algae,BurnControl,1702,9.087,17.0479,1.1289,28,10406,0.555,3.2579,0,10,0,4.4,10,1.1,4.4
Aanderud et al. ,2019,Aanderud et al. 2019,40.09095,-112.3051,Utah,IV,medium,Shrubland,Prescribed,12,LineIntercept,bryophyte,BurnControl,1702,9.087,17.0479,1.1289,28,10406,0.555,3.2579,0,10,0,0,10,0,0
Aanderud et al. ,2019,Aanderud et al. 2019,40.09095,-112.3051,Utah,IV,medium,Shrubland,Prescribed,12,LineIntercept,lichen,BurnControl,1702,9.087,17.0479,1.1289,28,10406,0.555,3.2579,0,10,0,1.3,10,0.83,1.3
Aanderud et al. ,2019,Aanderud et al. 2019,40.09095,-112.3051,Utah,IV,medium,Shrubland,Prescribed,12,LineIntercept,lichen,BurnControl,1702,9.087,17.0479,1.1289,28,10406,0.555,3.2579,0,10,0,4.4,10,1.6,4.4
Aanderud et al. ,2019,Aanderud et al. 2019,40.09095,-112.3051,Utah,IV,medium,Shrubland,Prescribed,12,LineIntercept,lichen,BurnControl,1702,9.087,17.0479,1.1289,28,10406,0.555,3.2579,0,10,0,0,10,0,0
Aanderud et al. ,2019,Aanderud et al. 2019,40.09095,-112.3051,Utah,IV,medium,Shrubland,Prescribed,12,LineIntercept,lichen,BurnControl,1702,9.087,17.0479,1.1289,28,10406,0.555,3.2579,0,10,0,0,10,0,0
Aanderud et al. ,2019,Aanderud et al. 2019,40.09095,-112.3051,Utah,IV,medium,Shrubland,Prescribed,12,LineIntercept,lichen,BurnControl,1702,9.087,17.0479,1.1289,28,10406,0.555,3.2579,0,10,0,0,10,0,0
Aanderud et al. ,2019,Aanderud et al. 2019,40.09095,-112.3051,Utah,IV,medium,Shrubland,Prescribed,0,LineIntercept,cyanobacteria/algae,BurnControl,1702,9.087,17.0479,1.1289,28,10406,0.555,3.2579,0,10,0,53,10,4.7,53
Aanderud et al. ,2019,Aanderud et al. 2019,40.09095,-112.3051,Utah,IV,medium,Shrubland,Prescribed,0,LineIntercept,bryophyte,BurnControl,1702,9.087,17.0479,1.1289,28,10406,0.555,3.2579,0,10,0,11.8,10,2.9,11.8
Aanderud et al. ,2019,Aanderud et al. 2019,40.09095,-112.3051,Utah,IV,medium,Shrubland,Prescribed,0,LineIntercept,lichen,BurnControl,1702,9.087,17.0479,1.1289,28,10406,0.555,3.2579,0,10,0,1.3,10,0.83,1.3
Aanderud et al. ,2019,Aanderud et al. 2019,40.09095,-112.3051,Utah,IV,medium,Shrubland,Prescribed,0,LineIntercept,lichen,BurnControl,1702,9.087,17.0479,1.1289,28,10406,0.555,3.2579,0,10,0,0,10,0,0
Aanderud et al. ,2019,Aanderud et al. 2019,40.09095,-112.3051,Utah,IV,medium,Shrubland,Prescribed,0,LineIntercept,lichen,BurnControl,1702,9.087,17.0479,1.1289,28,10406,0.555,3.2579,0,10,0,5.6,10,2.5,5.6
Aanderud et al. ,2019,Aanderud et al. 2019,40.09095,-112.3051,Utah,IV,medium,Shrubland,Prescribed,0,LineIntercept,lichen,BurnControl,1702,9.087,17.0479,1.1289,28,10406,0.555,3.2579,0,10,0,3.8,10,3.8,3.8
Aanderud et al. ,2019,Aanderud et al. 2019,40.09095,-112.3051,Utah,IV,medium,Shrubland,Prescribed,0,LineIntercept,lichen,BurnControl,1702,9.087,17.0479,1.1289,28,10406,0.555,3.2579,0,10,0,2.5,10,1.7,2.5
Aanderud et al. ,2019,Aanderud et al. 2019,40.09095,-112.3051,Utah,IV,medium,Shrubland,Prescribed,0,LineIntercept,lichen,BurnControl,1702,9.087,17.0479,1.1289,28,10406,0.555,3.2579,0,10,0,12,10,2.7,12
Aanderud et al. ,2019,Aanderud et al. 2019,40.09095,-112.3051,Utah,IV,medium,Shrubland,Prescribed,12,LineIntercept,cyanobacteria/algae,BurnControl,1702,9.087,17.0479,1.1289,28,10406,0.555,3.2579,0,10,0,47,10,6.1,47
Aanderud et al. ,2019,Aanderud et al. 2019,40.09095,-112.3051,Utah,IV,medium,Shrubland,Prescribed,12,LineIntercept,bryophyte,BurnControl,1702,9.087,17.0479,1.1289,28,10406,0.555,3.2579,0,10,0,6.3,10,2.2,6.3
Aanderud et al. ,2019,Aanderud et al. 2019,40.09095,-112.3051,Utah,IV,medium,Shrubland,Prescribed,12,LineIntercept,lichen,BurnControl,1702,9.087,17.0479,1.1289,28,10406,0.555,3.2579,0,10,0,0.63,10,0.63,0.63
Aanderud et al. ,2019,Aanderud et al. 2019,40.09095,-112.3051,Utah,IV,medium,Shrubland,Prescribed,12,LineIntercept,lichen,BurnControl,1702,9.087,17.0479,1.1289,28,10406,0.555,3.2579,0,10,0,2.5,10,1,2.5
Aanderud et al. ,2019,Aanderud et al. 2019,40.09095,-112.3051,Utah,IV,medium,Shrubland,Prescribed,12,LineIntercept,lichen,BurnControl,1702,9.087,17.0479,1.1289,28,10406,0.555,3.2579,0,10,0,16,10,3.5,16
Aanderud et al. ,2019,Aanderud et al. 2019,40.09095,-112.3051,Utah,IV,medium,Shrubland,Prescribed,12,LineIntercept,lichen,BurnControl,1702,9.087,17.0479,1.1289,28,10406,0.555,3.2579,0,10,0,2.5,10,2.5,2.5
Aanderud et al. ,2019,Aanderud et al. 2019,40.09095,-112.3051,Utah,IV,medium,Shrubland,Prescribed,12,LineIntercept,lichen,BurnControl,1702,9.087,17.0479,1.1289,28,10406,0.555,3.2579,0,10,0,0.63,10,0.63,0.63
Aanderud et al. ,2019,Aanderud et al. 2019,40.09095,-112.3051,Utah,IV,medium,Shrubland,Prescribed,12,LineIntercept,lichen,BurnControl,1702,9.087,17.0479,1.1289,28,10406,0.555,3.2579,0,10,0,3.1,10,1.4,3.1
Bowker et al. ,2004,Bowker et al. 2004,45.6,-116.5,Oregon,IV,medium,Grassland,Wildfire,11,LineIntercept,bryophyte,BurnControl,3571,7.108580112,12.29839993,1.919749975,46,14279,0.614296019,2.4792099,0.01,30,0.01,1.2,300,0.9,1.21
Bowker et al. ,2004,Bowker et al. 2004,45.6,-116.5,Oregon,IV,medium,Grassland,Wildfire,11,LineIntercept,bryophyte,BurnControl,3571,7.108580112,12.29839993,1.919749975,46,14279,0.614296019,2.4792099,0.8,30,0.5,0.01,300,0.01,0.81
Bowker et al. ,2004,Bowker et al. 2004,45.6,-116.5,Oregon,IV,medium,Grassland,Wildfire,11,LineIntercept,bryophyte,BurnControl,3571,7.108580112,12.29839993,1.919749975,46,14279,0.614296019,2.4792099,0.01,30,0.01,0.01,300,0.01,0.02
Bowker et al. ,2004,Bowker et al. 2004,45.6,-116.5,Oregon,IV,medium,Grassland,Wildfire,11,LineIntercept,bryophyte,BurnControl,3571,7.108580112,12.29839993,1.919749975,46,14279,0.614296019,2.4792099,0.8,30,0.8,1.1,300,1.1,1.9
Bowker et al. ,2004,Bowker et al. 2004,45.6,-116.5,Oregon,IV,medium,Grassland,Wildfire,11,LineIntercept,bryophyte,BurnControl,3571,7.108580112,12.29839993,1.919749975,46,14279,0.614296019,2.4792099,0.3,30,0.3,0,300,0,0.3
Bowker et al. ,2004,Bowker et al. 2004,45.6,-116.5,Oregon,IV,medium,Grassland,Wildfire,11,LineIntercept,bryophyte,BurnControl,3571,7.108580112,12.29839993,1.919749975,46,14279,0.614296019,2.4792099,18.7,30,4.7,25.6,300,5.7,44.3
Bowker et al. ,2004,Bowker et al. 2004,45.6,-116.5,Oregon,IV,medium,Grassland,Wildfire,11,LineIntercept,lichen,BurnControl,3571,7.108580112,12.29839993,1.919749975,46,14279,0.614296019,2.4792099,4,30,2,6.3,300,2.1,10.3
Bowker et al. ,2004,Bowker et al. 2004,45.6,-116.5,Oregon,IV,medium,Grassland,Wildfire,11,LineIntercept,lichen,BurnControl,3571,7.108580112,12.29839993,1.919749975,46,14279,0.614296019,2.4792099,6.7,30,2.5,6.5,300,2.6,13.2
Bowker et al. ,2004,Bowker et al. 2004,45.6,-116.5,Oregon,IV,medium,Grassland,Wildfire,11,LineIntercept,lichen,BurnControl,3571,7.108580112,12.29839993,1.919749975,46,14279,0.614296019,2.4792099,0.01,30,0.01,0.6,300,0.6,0.61
Bowker et al. ,2004,Bowker et al. 2004,45.6,-116.5,Oregon,IV,medium,Grassland,Wildfire,11,LineIntercept,lichen,BurnControl,3571,7.108580112,12.29839993,1.919749975,46,14279,0.614296019,2.4792099,0,30,0,0.01,300,0.01,0.01
Bowker et al. ,2004,Bowker et al. 2004,45.6,-116.5,Oregon,IV,medium,Grassland,Wildfire,11,LineIntercept,lichen,BurnControl,3571,7.108580112,12.29839993,1.919749975,46,14279,0.614296019,2.4792099,0,30,0,0.01,300,0.01,0.01
Bowker et al. ,2004,Bowker et al. 2004,45.6,-116.5,Oregon,IV,medium,Grassland,Wildfire,11,LineIntercept,lichen,BurnControl,3571,7.108580112,12.29839993,1.919749975,46,14279,0.614296019,2.4792099,0,30,0,0.4,300,0.4,0.4
Bowker et al. ,2004,Bowker et al. 2004,45.6,-116.5,Oregon,IV,medium,Grassland,Wildfire,11,LineIntercept,lichen,BurnControl,3571,7.108580112,12.29839993,1.919749975,46,14279,0.614296019,2.4792099,0.7,30,0.7,1.1,300,1.1,1.8
Bowker et al. ,2004,Bowker et al. 2004,45.6,-116.5,Oregon,IV,medium,Grassland,Wildfire,11,LineIntercept,lichen,BurnControl,3571,7.108580112,12.29839993,1.919749975,46,14279,0.614296019,2.4792099,2.4,30,1.4,1.7,300,1.7,4.1
Calabria et al. ,2016,Calabria et al. 2016,46.862802,-128.8474434,Washington,V,long,Grassland,Wildfire,7,0.1,lichen,BurnControl,,,,,,,,,0.6,5,2.6,1.7,5,3.2,2.3
Calabria et al. ,2016,Calabria et al. 2016,46.862802,-128.8474434,Washington,V,long,Grassland,Wildfire,7,0.1,lichen,BurnControl,,,,,,,,,0,5,0,0.3,5,1.3,0.3
Calabria et al. ,2016,Calabria et al. 2016,46.862802,-128.8474434,Washington,V,long,Grassland,Wildfire,7,0.1,bryophyte,BurnControl,,,,,,,,,2.3,5,3.8,27.9,5,26.2,30.2
Calabria et al. ,2016,Calabria et al. 2016,46.862802,-128.8474434,Washington,V,long,Grassland,Wildfire,7,0.1,bryophyte,BurnControl,,,,,,,,,13.7,5,13.7,11.9,5,18.9,25.6
Calabria et al. ,2016,Calabria et al. 2016,46.862802,-128.8474434,Washington,V,long,Grassland,Wildfire,7,0.1,bryophyte,BurnControl,,,,,,,,,0.3,5,0.7,0,5,0,0.3
Calabria et al. ,2016,Calabria et al. 2016,46.862802,-128.8474434,Washington,V,long,Grassland,Wildfire,7,0.1,bryophyte,BurnControl,,,,,,,,,0.1,5,0.5,0.2,5,1.3,0.3
Calabria et al. ,2016,Calabria et al. 2016,46.9036076,-123.05028,Washington,V,long,Grassland,Wildfire,17,0.1,lichen,BurnControl,15361,9.724829674,14.46969986,4.979959965,133,11508,0.960982978,2.959500074,0,5,0,32.1,5,30.7,32.1
Calabria et al. ,2016,Calabria et al. 2016,46.9036076,-123.05028,Washington,V,long,Grassland,Wildfire,17,0.1,lichen,BurnControl,15361,9.724829674,14.46969986,4.979959965,133,11508,0.960982978,2.959500074,0.6,5,1.9,0.3,5,0.7,0.9
Calabria et al. ,2016,Calabria et al. 2016,46.9036076,-123.05028,Washington,V,long,Grassland,Wildfire,17,0.1,bryophyte,BurnControl,15361,9.724829674,14.46969986,4.979959965,133,11508,0.960982978,2.959500074,0.2,5,0.7,7.9,5,16,8.1
Calabria et al. ,2016,Calabria et al. 2016,46.9036076,-123.05028,Washington,V,long,Grassland,Wildfire,17,0.1,bryophyte,BurnControl,15361,9.724829674,14.46969986,4.979959965,133,11508,0.960982978,2.959500074,25.6,5,16.5,24.8,5,24.3,50.4
Calabria et al. ,2016,Calabria et al. 2016,46.9036076,-123.05028,Washington,V,long,Grassland,Wildfire,17,0.1,bryophyte,BurnControl,15361,9.724829674,14.46969986,4.979959965,133,11508,0.960982978,2.959500074,2.4,5,7.9,0,5,0,2.4
Calabria et al. ,2016,Calabria et al. 2016,46.9036076,-123.05028,Washington,V,long,Grassland,Wildfire,17,0.1,bryophyte,BurnControl,15361,9.724829674,14.46969986,4.979959965,133,11508,0.960982978,2.959500074,0.1,5,0.5,0,5,0,0.1
Calabria et al. ,2016,Calabria et al. 2016,46.831527,-123.0226644,Washington,V,long,Grassland,Wildfire,17,0.1,lichen,BurnControl,14188,10.30060005,15.34490013,5.255000114,122,11568,0.990101993,2.724829912,0,5,0,1.5,5,2.9,1.5
Calabria et al. ,2016,Calabria et al. 2016,46.831527,-123.0226644,Washington,V,long,Grassland,Wildfire,17,0.1,lichen,BurnControl,14188,10.30060005,15.34490013,5.255000114,122,11568,0.990101993,2.724829912,0,5,0,4.2,5,7.5,4.2
Calabria et al. ,2016,Calabria et al. 2016,46.831527,-123.0226644,Washington,V,long,Grassland,Wildfire,17,0.1,bryophyte,BurnControl,14188,10.30060005,15.34490013,5.255000114,122,11568,0.990101993,2.724829912,15.4,5,15.4,5.9,5,5.9,21.3
Calabria et al. ,2016,Calabria et al. 2016,46.831527,-123.0226644,Washington,V,long,Grassland,Wildfire,17,0.1,bryophyte,BurnControl,14188,10.30060005,15.34490013,5.255000114,122,11568,0.990101993,2.724829912,5.9,5,8.3,24.1,5,18.8,30
Calabria et al. ,2016,Calabria et al. 2016,46.831527,-123.0226644,Washington,V,long,Grassland,Wildfire,17,0.1,bryophyte,BurnControl,14188,10.30060005,15.34490013,5.255000114,122,11568,0.990101993,2.724829912,0.1,5,0.5,0,5,0,0.1
Calabria et al. ,2016,Calabria et al. 2016,46.831527,-123.0226644,Washington,V,long,Grassland,Wildfire,17,0.1,bryophyte,BurnControl,14188,10.30060005,15.34490013,5.255000114,122,11568,0.990101993,2.724829912,0.4,5,1.2,1.5,5,6.2,1.9
Calabria et al. ,2016,Calabria et al. 2016,46.865861,-123.041178,Washington,V,long,Grassland,Wildfire,19,0.1,lichen,BurnControl,14338,9.724829674,14.46969986,4.979959965,133,11508,0.960982978,2.959500074,0,5,0,0.8,5,4.4,0.8
Calabria et al. ,2016,Calabria et al. 2016,46.865861,-123.041178,Washington,V,long,Grassland,Wildfire,19,0.1,lichen,BurnControl,14338,9.724829674,14.46969986,4.979959965,133,11508,0.960982978,2.959500074,0,5,0,2.7,5,5,2.7
Calabria et al. ,2016,Calabria et al. 2016,46.865861,-123.041178,Washington,V,long,Grassland,Wildfire,19,0.1,lichen,BurnControl,14338,9.724829674,14.46969986,4.979959965,133,11508,0.960982978,2.959500074,0,5,0,0.2,5,0.7,0.2
Calabria et al. ,2016,Calabria et al. 2016,46.865861,-123.041178,Washington,V,long,Grassland,Wildfire,19,0.1,bryophyte,BurnControl,14338,9.724829674,14.46969986,4.979959965,133,11508,0.960982978,2.959500074,0,5,0,6.6,5,16.7,6.6
Calabria et al. ,2016,Calabria et al. 2016,46.865861,-123.041178,Washington,V,long,Grassland,Wildfire,19,0.1,bryophyte,BurnControl,14338,9.724829674,14.46969986,4.979959965,133,11508,0.960982978,2.959500074,42.2,5,17.7,49.3,5,24.7,91.5
Calabria et al. ,2016,Calabria et al. 2016,46.865861,-123.041178,Washington,V,long,Grassland,Wildfire,19,0.1,bryophyte,BurnControl,14338,9.724829674,14.46969986,4.979959965,133,11508,0.960982978,2.959500074,10.2,5,10.8,0,5,0,10.2
Calabria et al. ,2016,Calabria et al. 2016,46.891028,-123.873327,Washington,V,long,Grassland,Wildfire,19,0.1,lichen,BurnControl,29009,9.935400009,14.22710037,5.643080235,197,11297,1.021409988,3.906490088,0,5,0,23.9,5,31.8,23.9
Calabria et al. ,2016,Calabria et al. 2016,46.891028,-123.873327,Washington,V,long,Grassland,Wildfire,19,0.1,lichen,BurnControl,29009,9.935400009,14.22710037,5.643080235,197,11297,1.021409988,3.906490088,0,5,0,2.1,5,4,2.1
Calabria et al. ,2016,Calabria et al. 2016,46.891028,-123.873327,Washington,V,long,Grassland,Wildfire,19,0.1,lichen,BurnControl,29009,9.935400009,14.22710037,5.643080235,197,11297,1.021409988,3.906490088,0,5,0,0.1,5,0.5,0.1
Calabria et al. ,2016,Calabria et al. 2016,46.891028,-123.873327,Washington,V,long,Grassland,Wildfire,19,0.1,bryophyte,BurnControl,29009,9.935400009,14.22710037,5.643080235,197,11297,1.021409988,3.906490088,0.1,5,0.2,2.8,5,8.2,2.9
Calabria et al. ,2016,Calabria et al. 2016,46.891028,-123.873327,Washington,V,long,Grassland,Wildfire,19,0.1,bryophyte,BurnControl,29009,9.935400009,14.22710037,5.643080235,197,11297,1.021409988,3.906490088,40.8,5,26.6,38.3,5,28.3,79.1
Calabria et al. ,2016,Calabria et al. 2016,46.891028,-123.873327,Washington,V,long,Grassland,Wildfire,19,0.1,bryophyte,BurnControl,29009,9.935400009,14.22710037,5.643080235,197,11297,1.021409988,3.906490088,2.7,5,4.1,0,5,0,2.7
Calabria et al. ,2016,Calabria et al. 2016,46.891028,-123.873327,Washington,V,long,Grassland,Wildfire,19,0.1,bryophyte,BurnControl,29009,9.935400009,14.22710037,5.643080235,197,11297,1.021409988,3.906490088,0.1,5,0.5,0.2,5,0.7,0.3
Davies and Dean,2019,Davies and Dean 2019,44.48,-121.1,Oregon,I,short,Shrubland,Prescribed,24,0.3721,unknown,BurnControl,2315,8.533900261,15.82439995,1.242670059,26,14611,0.658276975,3.365649939,11.724,28,3.793,23.793,28,4.827,35.517
Davies and Dean,2019,Davies and Dean 2019,44.48,-121.1,Oregon,I,short,Shrubland,Prescribed,24,0.3721,unknown,BurnControl,2315,8.533900261,15.82439995,1.242670059,26,14611,0.658276975,3.365649939,8.448,28,1.896,23.793,28,4.827,32.241
Davies and Dean,2019,Davies and Dean 2019,44.48,-121.1,Oregon,I,short,Shrubland,Prescribed,24,0.3721,unknown,BurnControl,2315,8.533900261,15.82439995,1.242670059,26,14611,0.658276975,3.365649939,3.956,28,1.552,23.793,28,4.827,27.749
Davies and Dean,2019,Davies and Dean 2019,44.48,-121.1,Oregon,I,short,Shrubland,Prescribed,48,0.3721,unknown,BurnControl,2315,8.533900261,15.82439995,1.242670059,26,14611,0.658276975,3.365649939,9.827,28,3.448,25.172,28,8.621,34.999
Davies and Dean,2019,Davies and Dean 2019,44.48,-121.1,Oregon,I,short,Shrubland,Prescribed,48,0.3721,unknown,BurnControl,2315,8.533900261,15.82439995,1.242670059,26,14611,0.658276975,3.365649939,5.517,28,2.414,25.172,28,8.621,30.689
Davies and Dean,2019,Davies and Dean 2019,44.48,-121.1,Oregon,I,short,Shrubland,Prescribed,48,0.3721,unknown,BurnControl,2315,8.533900261,15.82439995,1.242670059,26,14611,0.658276975,3.365649939,2.413,28,1.207,25.172,28,8.621,27.585
Davies and Dean,2019,Davies and Dean 2019,44.48,-121.1,Oregon,I,short,Shrubland,Prescribed,72,0.3721,unknown,BurnControl,2315,8.533900261,15.82439995,1.242670059,26,14611,0.658276975,3.365649939,5.517,28,2.931,12.0689,28,4.8276,17.5859
Davies and Dean,2019,Davies and Dean 2019,44.48,-121.1,Oregon,I,short,Shrubland,Prescribed,72,0.3721,unknown,BurnControl,2315,8.533900261,15.82439995,1.242670059,26,14611,0.658276975,3.365649939,4.9999,28,1.8971,12.0689,28,4.8276,17.0688
Davies and Dean,2019,Davies and Dean 2019,44.48,-121.1,Oregon,I,short,Shrubland,Prescribed,72,0.3721,unknown,BurnControl,2315,8.533900261,15.82439995,1.242670059,26,14611,0.658276975,3.365649939,1.724,28,0.689,12.0689,28,4.8276,13.7929
Dettweiler-Robinso et al. ,2013,Dettweiler-Robinso et al. 2013,46.2,-119.5,Washington,IV,medium,Shrubland,Wildfire,132,2,lichen,BurnControl,1606,10.89649963,17.31430054,4.478919983,17,14185,0.782791972,3.342809916,5.2,45,9.6,7.2,48,8.9,12.4
Dettweiler-Robinso et al. ,2013,Dettweiler-Robinso et al. 2013,46.2,-119.5,Washington,IV,medium,Shrubland,Wildfire,132,2,lichen,BurnControl,1606,10.89649963,17.31430054,4.478919983,17,14185,0.782791972,3.342809916,4.6,45,7,3.8,47,5.8,8.4
Dettweiler-Robinso et al. ,2013,Dettweiler-Robinso et al. 2013,46.2,-119.5,Washington,IV,medium,Shrubland,Wildfire,132,2,lichen,BurnControl,1606,10.89649963,17.31430054,4.478919983,17,14185,0.782791972,3.342809916,1.4,44,23,3.1,32,6,4.5
Dettweiler-Robinso et al. ,2013,Dettweiler-Robinso et al. 2013,46.2,-119.5,Washington,IV,medium,Shrubland,Wildfire,132,2,lichen,BurnControl,1606,10.89649963,17.31430054,4.478919983,17,14185,0.782791972,3.342809916,1.9,38,2,2.2,46,1.9,4.1
Dettweiler-Robinso et al. ,2013,Dettweiler-Robinso et al. 2013,46.2,-119.5,Washington,IV,medium,Shrubland,Wildfire,132,2,lichen,BurnControl,1606,10.89649963,17.31430054,4.478919983,17,14185,0.782791972,3.342809916,2.4,19,7.3,1.4,17,4.5,3.8
Dettweiler-Robinso et al. ,2013,Dettweiler-Robinso et al. 2013,46.2,-119.5,Washington,IV,medium,Shrubland,Wildfire,132,2,lichen,BurnControl,1606,10.89649963,17.31430054,4.478919983,17,14185,0.782791972,3.342809916,0.2,9,0.4,1,35,1.1,1.2
Dettweiler-Robinso et al. ,2013,Dettweiler-Robinso et al. 2013,46.2,-119.5,Washington,IV,medium,Shrubland,Wildfire,132,2,lichen,BurnControl,1606,10.89649963,17.31430054,4.478919983,17,14185,0.782791972,3.342809916,0.6,29,0.5,0.9,35,1.2,1.5
Dettweiler-Robinso et al. ,2013,Dettweiler-Robinso et al. 2013,46.2,-119.5,Washington,IV,medium,Shrubland,Wildfire,132,2,lichen,BurnControl,1606,10.89649963,17.31430054,4.478919983,17,14185,0.782791972,3.342809916,0.7,33,0.5,0.9,44,0.3,1.6
Dettweiler-Robinso et al. ,2013,Dettweiler-Robinso et al. 2013,46.2,-119.5,Washington,IV,medium,Shrubland,Wildfire,132,2,lichen,BurnControl,1606,10.89649963,17.31430054,4.478919983,17,14185,0.782791972,3.342809916,1.2,27,1.4,0.8,32,1,2
Dettweiler-Robinso et al. ,2013,Dettweiler-Robinso et al. 2013,46.2,-119.5,Washington,IV,medium,Shrubland,Wildfire,132,2,lichen,BurnControl,1606,10.89649963,17.31430054,4.478919983,17,14185,0.782791972,3.342809916,0.5,16,0.4,0.6,8,0.4,1.1
Dettweiler-Robinso et al. ,2013,Dettweiler-Robinso et al. 2013,46.2,-119.5,Washington,IV,medium,Shrubland,Wildfire,132,2,lichen,BurnControl,1606,10.89649963,17.31430054,4.478919983,17,14185,0.782791972,3.342809916,1.6,35,3.1,0.6,27,0.5,2.2
Dettweiler-Robinso et al. ,2013,Dettweiler-Robinso et al. 2013,46.2,-119.5,Washington,IV,medium,Shrubland,Wildfire,132,2,lichen,BurnControl,1606,10.89649963,17.31430054,4.478919983,17,14185,0.782791972,3.342809916,1.8,41,4.3,0.6,27,0.5,2.4
Dettweiler-Robinso et al. ,2013,Dettweiler-Robinso et al. 2013,46.2,-119.5,Washington,IV,medium,Shrubland,Wildfire,132,2,lichen,BurnControl,1606,10.89649963,17.31430054,4.478919983,17,14185,0.782791972,3.342809916,0.5,16,1,0.4,15,0.8,0.9
Dettweiler-Robinso et al. ,2013,Dettweiler-Robinso et al. 2013,46.2,-119.5,Washington,IV,medium,Shrubland,Wildfire,132,2,lichen,BurnControl,1606,10.89649963,17.31430054,4.478919983,17,14185,0.782791972,3.342809916,0.2,12,0.4,0.4,17,0.5,0.6
Dettweiler-Robinso et al. ,2013,Dettweiler-Robinso et al. 2013,46.2,-119.5,Washington,IV,medium,Shrubland,Wildfire,132,2,lichen,BurnControl,1606,10.89649963,17.31430054,4.478919983,17,14185,0.782791972,3.342809916,0.3,16,0.5,0.4,19,0.5,0.7
Dettweiler-Robinso et al. ,2013,Dettweiler-Robinso et al. 2013,46.2,-119.5,Washington,IV,medium,Shrubland,Wildfire,132,2,lichen,BurnControl,1606,10.89649963,17.31430054,4.478919983,17,14185,0.782791972,3.342809916,0.4,16,0.6,0.2,8,0.4,0.6
Dettweiler-Robinso et al. ,2013,Dettweiler-Robinso et al. 2013,46.2,-119.5,Washington,IV,medium,Shrubland,Wildfire,132,2,lichen,BurnControl,1606,10.89649963,17.31430054,4.478919983,17,14185,0.782791972,3.342809916,0.3,24,0.5,0.2,29,0.5,0.5
Dettweiler-Robinso et al. ,2013,Dettweiler-Robinso et al. 2013,46.2,-119.5,Washington,IV,medium,Shrubland,Wildfire,132,2,lichen,BurnControl,1606,10.89649963,17.31430054,4.478919983,17,14185,0.782791972,3.342809916,0.1,3,0.2,0.1,3,0.2,0.2
Dettweiler-Robinso et al. ,2013,Dettweiler-Robinso et al. 2013,46.2,-119.5,Washington,IV,medium,Shrubland,Wildfire,132,2,lichen,BurnControl,1606,10.89649963,17.31430054,4.478919983,17,14185,0.782791972,3.342809916,0.1,7,0.3,0.1,4,0.3,0.2
Dettweiler-Robinso et al. ,2013,Dettweiler-Robinso et al. 2013,46.2,-119.5,Washington,IV,medium,Shrubland,Wildfire,132,2,lichen,BurnControl,1606,10.89649963,17.31430054,4.478919983,17,14185,0.782791972,3.342809916,0.2,9,0.3,0.1,4,0.3,0.3
Dettweiler-Robinso et al. ,2013,Dettweiler-Robinso et al. 2013,46.2,-119.5,Washington,IV,medium,Shrubland,Wildfire,132,2,lichen,BurnControl,1606,10.89649963,17.31430054,4.478919983,17,14185,0.782791972,3.342809916,0.5,24,0.5,0.1,4,0.3,0.6
Dettweiler-Robinso et al. ,2013,Dettweiler-Robinso et al. 2013,46.2,-119.5,Washington,IV,medium,Shrubland,Wildfire,132,2,lichen,BurnControl,1606,10.89649963,17.31430054,4.478919983,17,14185,0.782791972,3.342809916,0,0,0,0.1,4,0.3,0.1
Dettweiler-Robinso et al. ,2013,Dettweiler-Robinso et al. 2013,46.2,-119.5,Washington,IV,medium,Shrubland,Wildfire,132,2,lichen,BurnControl,1606,10.89649963,17.31430054,4.478919983,17,14185,0.782791972,3.342809916,0.1,6,0.3,0.1,5,0.3,0.2
Dettweiler-Robinso et al. ,2013,Dettweiler-Robinso et al. 2013,46.2,-119.5,Washington,IV,medium,Shrubland,Wildfire,132,2,lichen,BurnControl,1606,10.89649963,17.31430054,4.478919983,17,14185,0.782791972,3.342809916,0.1,1,0.1,0.1,1,0.1,0.2
Dettweiler-Robinso et al. ,2013,Dettweiler-Robinso et al. 2013,46.2,-119.5,Washington,IV,medium,Shrubland,Wildfire,132,2,lichen,BurnControl,1606,10.89649963,17.31430054,4.478919983,17,14185,0.782791972,3.342809916,0.1,1,0.1,0.1,1,0.1,0.2
Dettweiler-Robinso et al. ,2013,Dettweiler-Robinso et al. 2013,46.2,-119.5,Washington,IV,medium,Shrubland,Wildfire,132,2,lichen,BurnControl,1606,10.89649963,17.31430054,4.478919983,17,14185,0.782791972,3.342809916,0.1,3,0.01,0.1,2,0.2,0.2
Dettweiler-Robinso et al. ,2013,Dettweiler-Robinso et al. 2013,46.2,-119.5,Washington,IV,medium,Shrubland,Wildfire,132,2,lichen,BurnControl,1606,10.89649963,17.31430054,4.478919983,17,14185,0.782791972,3.342809916,0.1,1,0.1,0,0,0,0.1
Dettweiler-Robinso et al. ,2013,Dettweiler-Robinso et al. 2013,46.2,-119.5,Washington,IV,medium,Shrubland,Wildfire,132,2,lichen,BurnControl,1606,10.89649963,17.31430054,4.478919983,17,14185,0.782791972,3.342809916,0.1,1,0.1,0,0,0,0.1
Dettweiler-Robinso et al. ,2013,Dettweiler-Robinso et al. 2013,46.2,-119.5,Washington,IV,medium,Shrubland,Wildfire,132,2,lichen,BurnControl,1606,10.89649963,17.31430054,4.478919983,17,14185,0.782791972,3.342809916,0.1,2,0.2,0,0,0,0.1
Dettweiler-Robinso et al. ,2013,Dettweiler-Robinso et al. 2013,46.2,-119.5,Washington,IV,medium,Shrubland,Wildfire,132,2,lichen,BurnControl,1606,10.89649963,17.31430054,4.478919983,17,14185,0.782791972,3.342809916,0.01,2,0.2,0,0,0,0.01
Dettweiler-Robinso et al. ,2013,Dettweiler-Robinso et al. 2013,46.2,-119.5,Washington,IV,medium,Shrubland,Wildfire,132,2,lichen,BurnControl,1606,10.89649963,17.31430054,4.478919983,17,14185,0.782791972,3.342809916,0.1,3,0.2,0,0,0,0.1
Dettweiler-Robinso et al. ,2013,Dettweiler-Robinso et al. 2013,46.2,-119.5,Washington,IV,medium,Shrubland,Wildfire,132,2,lichen,BurnControl,1606,10.89649963,17.31430054,4.478919983,17,14185,0.782791972,3.342809916,0.1,4,0.3,0,0,0,0.1
Dettweiler-Robinso et al. ,2013,Dettweiler-Robinso et al. 2013,46.2,-119.5,Washington,IV,medium,Shrubland,Wildfire,132,2,lichen,BurnControl,1606,10.89649963,17.31430054,4.478919983,17,14185,0.782791972,3.342809916,0.1,4,0.2,0,0,0,0.1
Dettweiler-Robinso et al. ,2013,Dettweiler-Robinso et al. 2013,46.2,-119.5,Washington,IV,medium,Shrubland,Wildfire,132,2,lichen,BurnControl,1606,10.89649963,17.31430054,4.478919983,17,14185,0.782791972,3.342809916,26,536,12,25,514,12,51
Dettweiler-Robinso et al. ,2013,Dettweiler-Robinso et al. 2013,46.2,-119.5,Washington,IV,medium,Shrubland,Wildfire,132,2,bryophyte,BurnControl,1606,10.89649963,17.31430054,4.478919983,17,14185,0.782791972,3.342809916,20.7,48,20.8,34.5,48,23.2,55.2
Dettweiler-Robinso et al. ,2013,Dettweiler-Robinso et al. 2013,46.2,-119.5,Washington,IV,medium,Shrubland,Wildfire,132,2,bryophyte,BurnControl,1606,10.89649963,17.31430054,4.478919983,17,14185,0.782791972,3.342809916,9,44,11.1,31.3,47,14.7,40.3
Dettweiler-Robinso et al. ,2013,Dettweiler-Robinso et al. 2013,46.2,-119.5,Washington,IV,medium,Shrubland,Wildfire,132,2,bryophyte,BurnControl,1606,10.89649963,17.31430054,4.478919983,17,14185,0.782791972,3.342809916,0.3,16,0.7,4,14,0.8,4.3
Dettweiler-Robinso et al. ,2013,Dettweiler-Robinso et al. 2013,46.2,-119.5,Washington,IV,medium,Shrubland,Wildfire,132,2,bryophyte,BurnControl,1606,10.89649963,17.31430054,4.478919983,17,14185,0.782791972,3.342809916,30,108,23,56,109,22,86
Dettweiler-Robinso et al. ,2013,Dettweiler-Robinso et al. 2013,46.2,-119.5,Washington,IV,medium,Shrubland,Wildfire,132,2,unknown,BurnControl,1606,10.89649963,17.31430054,4.478919983,17,14185,0.782791972,3.342809916,56,644,30,82,623,26,138
Eldridge and Bradstock ,1994,Eldridge and Bradstock 1994,-32.56055556,145.5358333,New South Wales,NA,,Shrubland,Prescribed,12,0.25,bryophyte,BurnControl,1679,17.95439911,24.06800079,11.84210014,29,18321,1.026610017,2.803499937,7.6,17,1,4.2,24,4.2,11.8
Eldridge and Bradstock ,1994,Eldridge and Bradstock 1994,-32.56055556,145.5358333,New South Wales,NA,,Shrubland,Prescribed,12,0.25,cyanobacteria/algae,BurnControl,1679,17.95439911,24.06800079,11.84210014,29,18321,1.026610017,2.803499937,72.9,17,1.6,77.3,24,7.8,150.2
Eldridge and Bradstock ,1994,Eldridge and Bradstock 1994,-32.56055556,145.5358333,New South Wales,NA,,Shrubland,Prescribed,12,0.25,lichen,BurnControl,1679,17.95439911,24.06800079,11.84210014,29,18321,1.026610017,2.803499937,19.5,17,1.4,18.5,24,1.2,38
Eldridge and Bradstock ,1994,Eldridge and Bradstock 1994,-32.56055556,145.5358333,New South Wales,NA,,Shrubland,Prescribed,36,0.25,bryophyte,BurnControl,1679,17.95439911,24.06800079,11.84210014,29,18321,1.026610017,2.803499937,7,13,4.7,4.2,24,4.2,11.2
Eldridge and Bradstock ,1994,Eldridge and Bradstock 1994,-32.56055556,145.5358333,New South Wales,NA,,Shrubland,Prescribed,36,0.25,cyanobacteria/algae,BurnControl,1679,17.95439911,24.06800079,11.84210014,29,18321,1.026610017,2.803499937,57.3,13,11.6,77.3,24,7.8,134.6
Eldridge and Bradstock ,1994,Eldridge and Bradstock 1994,-32.56055556,145.5358333,New South Wales,NA,,Shrubland,Prescribed,36,0.25,lichen,BurnControl,1679,17.95439911,24.06800079,11.84210014,29,18321,1.026610017,2.803499937,35.7,13,1.8,18.5,24,1.2,54.2
Eldridge and Bradstock ,1994,Eldridge and Bradstock 1994,-32.56055556,145.5358333,New South Wales,NA,,Shrubland,Prescribed,48,0.25,bryophyte,BurnControl,1679,17.95439911,24.06800079,11.84210014,29,18321,1.026610017,2.803499937,11.1,9,11.1,4.2,24,4.2,15.3
Eldridge and Bradstock ,1994,Eldridge and Bradstock 1994,-32.56055556,145.5358333,New South Wales,NA,,Shrubland,Prescribed,48,0.25,cyanobacteria/algae,BurnControl,1679,17.95439911,24.06800079,11.84210014,29,18321,1.026610017,2.803499937,68.9,9,13.7,77.3,24,7.8,146.2
Eldridge and Bradstock ,1994,Eldridge and Bradstock 1994,-32.56055556,145.5358333,New South Wales,NA,,Shrubland,Prescribed,48,0.25,lichen,BurnControl,1679,17.95439911,24.06800079,11.84210014,29,18321,1.026610017,2.803499937,20,9,1.9,18.5,24,1.2,38.5
Eldridge and Bradstock ,1994,Eldridge and Bradstock 1994,-32.56055556,145.5358333,New South Wales,NA,,Shrubland,Wildfire,84,0.25,bryophyte,BurnControl,1679,17.95439911,24.06800079,11.84210014,29,18321,1.026610017,2.803499937,15.5,57,0.7,4.2,24,4.2,19.7
Eldridge and Bradstock ,1994,Eldridge and Bradstock 1994,-32.56055556,145.5358333,New South Wales,NA,,Shrubland,Wildfire,84,0.25,cyanobacteria/algae,BurnControl,1679,17.95439911,24.06800079,11.84210014,29,18321,1.026610017,2.803499937,57.9,57,0.8,77.3,24,7.8,135.2
Eldridge and Bradstock ,1994,Eldridge and Bradstock 1994,-32.56055556,145.5358333,New South Wales,NA,,Shrubland,Wildfire,84,0.25,lichen,BurnControl,1679,17.95439911,24.06800079,11.84210014,29,18321,1.026610017,2.803499937,26.6,57,4,18.5,24,1.2,45.1
Eldridge and Bradstock ,1994,Eldridge and Bradstock 1994,-32.56055556,145.5358333,New South Wales,NA,,Shrubland,Wildfire,156,0.25,bryophyte,BurnControl,1679,17.95439911,24.06800079,11.84210014,29,18321,1.026610017,2.803499937,3,18,0.7,4.2,24,4.2,7.2
Eldridge and Bradstock ,1994,Eldridge and Bradstock 1994,-32.56055556,145.5358333,New South Wales,NA,,Shrubland,Wildfire,156,0.25,cyanobacteria/algae,BurnControl,1679,17.95439911,24.06800079,11.84210014,29,18321,1.026610017,2.803499937,10.3,18,4.3,77.3,24,7.8,87.6
Eldridge and Bradstock ,1994,Eldridge and Bradstock 1994,-32.56055556,145.5358333,New South Wales,NA,,Shrubland,Wildfire,156,0.25,lichen,BurnControl,1679,17.95439911,24.06800079,11.84210014,29,18321,1.026610017,2.803499937,86.7,18,1,18.5,24,1.2,105.2
Eldridge and Bradstock ,1994,Eldridge and Bradstock 1994,-32.56055556,145.5358333,New South Wales,NA,,Shrubland,Wildfire,192,0.25,bryophyte,BurnControl,1679,17.95439911,24.06800079,11.84210014,29,18321,1.026610017,2.803499937,8.2,37,0.7,4.2,24,4.2,12.4
Eldridge and Bradstock ,1994,Eldridge and Bradstock 1994,-32.56055556,145.5358333,New South Wales,NA,,Shrubland,Wildfire,192,0.25,cyanobacteria/algae,BurnControl,1679,17.95439911,24.06800079,11.84210014,29,18321,1.026610017,2.803499937,20.3,37,1,77.3,24,7.8,97.6
Eldridge and Bradstock ,1994,Eldridge and Bradstock 1994,-32.56055556,145.5358333,New South Wales,NA,,Shrubland,Wildfire,192,0.25,lichen,BurnControl,1679,17.95439911,24.06800079,11.84210014,29,18321,1.026610017,2.803499937,71.5,37,1,18.5,24,1.2,90
Eldridge and Bradstock ,1994,Eldridge and Bradstock 1994,-32.56055556,145.5358333,New South Wales,NA,,Shrubland,Wildfire,216,0.25,bryophyte,BurnControl,1679,17.95439911,24.06800079,11.84210014,29,18321,1.026610017,2.803499937,6.1,18,2.3,4.2,24,4.2,10.3
Eldridge and Bradstock ,1994,Eldridge and Bradstock 1994,-32.56055556,145.5358333,New South Wales,NA,,Shrubland,Wildfire,216,0.25,cyanobacteria/algae,BurnControl,1679,17.95439911,24.06800079,11.84210014,29,18321,1.026610017,2.803499937,31.4,18,10.4,77.3,24,7.8,108.7
Eldridge and Bradstock ,1994,Eldridge and Bradstock 1994,-32.56055556,145.5358333,New South Wales,NA,,Shrubland,Wildfire,216,0.25,lichen,BurnControl,1679,17.95439911,24.06800079,11.84210014,29,18321,1.026610017,2.803499937,62.5,18,9.9,18.5,24,1.2,81
Eldridge and Bradstock ,1994,Eldridge and Bradstock 1994,-32.56055556,145.5358333,New South Wales,NA,,Shrubland,Wildfire,420,0.25,bryophyte,BurnControl,1679,17.95439911,24.06800079,11.84210014,29,18321,1.026610017,2.803499937,7.4,19,3.7,4.2,24,4.2,11.6
Eldridge and Bradstock ,1994,Eldridge and Bradstock 1994,-32.56055556,145.5358333,New South Wales,NA,,Shrubland,Wildfire,420,0.25,cyanobacteria/algae,BurnControl,1679,17.95439911,24.06800079,11.84210014,29,18321,1.026610017,2.803499937,35,19,7.9,77.3,24,7.8,112.3
Eldridge and Bradstock ,1994,Eldridge and Bradstock 1994,-32.56055556,145.5358333,New South Wales,NA,,Shrubland,Wildfire,420,0.25,lichen,BurnControl,1679,17.95439911,24.06800079,11.84210014,29,18321,1.026610017,2.803499937,57.6,19,1.4,18.5,24,1.2,76.1
Evangelista et al. ,2004,Evangelista et al. 2004,,,Utah,NA,,Desert,Wildfire,48,1,unknown,BurnControl,,,,,,,,,1.9,10,0.6,28.4,10,5.3,30.3
Evangelista et al. ,2005,Evangelista et al. 2004,,,Utah,NA,,Desert,Wildfire,36,1,unknown,BurnControl,,,,,,,,,3.2,10,0.9,1.3,10,0.4,4.5
Evangelista et al. ,2006,Evangelista et al. 2004,,,Utah,NA,,Desert,Wildfire,36,1,unknown,BurnControl,,,,,,,,,0.6,10,0.1,1.3,10,0.4,1.9
Evangelista et al. ,2007,Evangelista et al. 2004,,,Utah,NA,,Desert,Wildfire,24,1,unknown,BurnControl,,,,,,,,,10.4,10,2.8,28.4,10,5.3,38.8
Ford and Johnson,2006,Ford and Johnson 2006,36.52222,-103.0583,New Mexico,II,short,Grassland,Prescribed,3,LineIntercept,cyanobacteria/algae,BurnControl,1933,11.9829998,20.00939941,3.955149889,33,17852,0.740041971,4.933959961,5,5,4,5,5,4,10
Ford and Johnson,2006,Ford and Johnson 2006,36.52222,-103.0583,New Mexico,II,short,Grassland,Prescribed,3,LineIntercept,cyanobacteria/algae,BurnControl,1933,11.9829998,20.00939941,3.955149889,33,17852,0.740041971,4.933959961,5,5,3,10,5,2,15
Ford and Johnson,2006,Ford and Johnson 2006,36.52222,-103.0583,New Mexico,II,short,Grassland,Prescribed,6,LineIntercept,cyanobacteria/algae,BurnControl,1933,11.9829998,20.00939941,3.955149889,33,17852,0.740041971,4.933959961,8,5,4,10,5,2,18
Ford and Johnson,2006,Ford and Johnson 2006,36.52222,-103.0583,New Mexico,II,short,Grassland,Prescribed,15,LineIntercept,cyanobacteria/algae,BurnControl,1933,11.9829998,20.00939941,3.955149889,33,17852,0.740041971,4.933959961,3,4,1,7,4,1,10
Ford and Johnson,2006,Ford and Johnson 2006,36.52222,-103.0583,New Mexico,II,short,Grassland,Prescribed,18,LineIntercept,cyanobacteria/algae,BurnControl,1933,11.9829998,20.00939941,3.955149889,33,17852,0.740041971,4.933959961,7,4,4,7,4,1,14
Ford and Johnson,2006,Ford and Johnson 2006,36.52222,-103.0583,New Mexico,II,short,Grassland,Prescribed,27,LineIntercept,cyanobacteria/algae,BurnControl,1933,11.9829998,20.00939941,3.955149889,33,17852,0.740041971,4.933959961,2,4,1,6,4,4,8
Ford and Johnson,2006,Ford and Johnson 2006,36.52222,-103.0583,New Mexico,II,short,Grassland,Prescribed,30,LineIntercept,cyanobacteria/algae,BurnControl,1933,11.9829998,20.00939941,3.955149889,33,17852,0.740041971,4.933959961,5,4,4,6,4,4,11
Haubensak et al.,2008,Haubensak et al.2008,,,Nevada,NA,,Shrubland,Wildfire,60,1,unknown,BurnControl,,,,,,,,,9,16,1.145,40.4,16,2.04,49.4
Haubensak et al.,2008,Haubensak et al.2008,,,Nevada,NA,,Shrubland,Wildfire,60,1,unknown,BurnControl,,,,,,,,,2.1,16,0.3225,3.4,16,0.93,5.5
Hilty et al. ,2004,Hilty et al. 2004,43.45,-116.433,Idaho,IV,medium,Shrubland,Wildfire,120,LineIntercept,unknown,BurnControl,1725,10.65310001,18.54870033,2.758650064,22,15811,0.667003989,2.934329987,34.8,54,6.04,66,54,2.81,100.8
Hilty et al. ,2004,Hilty et al. 2004,43.45,-116.433,Idaho,IV,medium,Shrubland,Wildfire,120,LineIntercept,unknown,BurnControl,1725,10.65310001,18.54870033,2.758650064,22,15811,0.667003989,2.934329987,45.8,54,6.04,66,54,2.81,111.8
Hilty et al. ,2004,Hilty et al. 2004,43.45,-116.433,Idaho,IV,medium,Shrubland,Wildfire,120,LineIntercept,lichen,BurnControl,1725,10.65310001,18.54870033,2.758650064,22,15811,0.667003989,2.934329987,0.01,54,0.01,8.1,54,0.7,8.11
Hilty et al. ,2004,Hilty et al. 2004,43.45,-116.433,Idaho,IV,medium,Shrubland,Wildfire,120,LineIntercept,lichen,BurnControl,1725,10.65310001,18.54870033,2.758650064,22,15811,0.667003989,2.934329987,0.8,54,0.35,8.1,54,0.7,8.9
Hilty et al. ,2004,Hilty et al. 2004,43.45,-116.433,Idaho,IV,medium,Shrubland,Wildfire,120,LineIntercept,bryophyte,BurnControl,1725,10.65310001,18.54870033,2.758650064,22,15811,0.667003989,2.934329987,23.1,54,4.12,23.1,54,4.12,46.2
Hilty et al. ,2004,Hilty et al. 2004,43.45,-116.433,Idaho,IV,medium,Shrubland,Wildfire,120,LineIntercept,bryophyte,BurnControl,1725,10.65310001,18.54870033,2.758650064,22,15811,0.667003989,2.934329987,34,54,6.25,23.1,54,4.12,57.1
Hilty et al. ,2004,Hilty et al. 2004,43.45,-116.433,Idaho,IV,medium,Shrubland,Wildfire,120,LineIntercept,bryophyte,BurnControl,1725,10.65310001,18.54870033,2.758650064,22,15811,0.667003989,2.934329987,0.8,54,0.51,34.8,54,1.06,35.6
Hilty et al. ,2004,Hilty et al. 2004,43.45,-116.433,Idaho,IV,medium,Shrubland,Wildfire,120,LineIntercept,bryophyte,BurnControl,1725,10.65310001,18.54870033,2.758650064,22,15811,0.667003989,2.934329987,2.1,54,1.67,34.8,54,1.06,36.9
Hilty et al. ,2004,Hilty et al. 2004,43.45,-116.433,Idaho,IV,medium,Shrubland,Wildfire,120,LineIntercept,lichen,BurnControl,1725,10.65310001,18.54870033,2.758650064,22,15811,0.667003989,2.934329987,0,54,0,0.6,54,0.01,0.6
Hilty et al. ,2004,Hilty et al. 2004,43.45,-116.433,Idaho,IV,medium,Shrubland,Wildfire,120,LineIntercept,lichen,BurnControl,1725,10.65310001,18.54870033,2.758650064,22,15811,0.667003989,2.934329987,0,54,0.12,0.6,54,0.01,0.6
Hilty et al. ,2004,Hilty et al. 2004,43.45,-116.433,Idaho,IV,medium,Shrubland,Wildfire,120,LineIntercept,lichen,BurnControl,1725,10.65310001,18.54870033,2.758650064,22,15811,0.667003989,2.934329987,0,54,0,1.8,54,0.08,1.8
Hilty et al. ,2004,Hilty et al. 2004,43.45,-116.433,Idaho,IV,medium,Shrubland,Wildfire,120,LineIntercept,lichen,BurnControl,1725,10.65310001,18.54870033,2.758650064,22,15811,0.667003989,2.934329987,0.2,54,0.33,1.8,54,0.08,2
Hilty et al. ,2004,Hilty et al. 2004,43.45,-116.433,Idaho,IV,medium,Shrubland,Wildfire,120,LineIntercept,lichen,BurnControl,1725,10.65310001,18.54870033,2.758650064,22,15811,0.667003989,2.934329987,0,54,0,1.5,54,0.07,1.5
Hilty et al. ,2004,Hilty et al. 2004,43.45,-116.433,Idaho,IV,medium,Shrubland,Wildfire,120,LineIntercept,lichen,BurnControl,1725,10.65310001,18.54870033,2.758650064,22,15811,0.667003989,2.934329987,0.2,54,0.33,1.5,54,0.07,1.7
Hilty et al. ,2004,Hilty et al. 2004,43.45,-116.433,Idaho,IV,medium,Shrubland,Wildfire,120,LineIntercept,lichen,BurnControl,1725,10.65310001,18.54870033,2.758650064,22,15811,0.667003989,2.934329987,0,54,0.01,4.2,54,0.28,4.2
Hilty et al. ,2004,Hilty et al. 2004,43.45,-116.433,Idaho,IV,medium,Shrubland,Wildfire,120,LineIntercept,unknown,BurnControl,1725,10.65310001,18.54870033,2.758650064,22,15811,0.667003989,2.934329987,0.4,54,0.39,4.2,54,0.28,4.6
Huffman et al. ,2013,Huffman et al. 2013,36.02333,-112.1986,Arizona ,III,medium,Desert,Prescribed,60,0.625,unknown,BurnControl,,,,,,,,,0.440677966,10,0.075037097,0.677966102,10,0.112555646,1.118644068
Huffman et al. ,2013,Huffman et al. 2013,36.02333,-112.1986,Arizona ,III,medium,Desert,Prescribed,60,0.625,unknown,BurnControl,,,,,,,,,0.423728814,10,0.128635023,0.677966102,10,0.07958886,1.101694915
Huffman et al. ,2013,Huffman et al. 2013,36.02333,-112.1986,Arizona ,III,medium,Desert,Prescribed,60,0.625,unknown,PreAndPost,,,,,,,,,0.440677966,10,0.075037097,0.983050847,10,0.112555646,1.423728814
Huffman et al. ,2013,Huffman et al. 2013,36.02333,-112.1986,Arizona ,III,medium,Desert,Prescribed,60,0.625,unknown,PreAndPost,,,,,,,,,0.423728814,10,0.128635023,1.355932203,10,0.20367212,1.779661017
Johansson and Reich ,2005,Johansson and Reich 2005,45.4019444,-93.19916667,Minnesota,I,,Grassland,Prescribed,0.5,0.25,lichen,PreAndPost,7137,6.331729889,12.08259964,0.579271019,62,12787,0.845358014,3.086689949,2.95,6,1.256648983,10.85,6,2.488205511,13.8
Johansson and Reich ,2005,Johansson and Reich 2005,45.4019444,-93.19916667,Minnesota,I,,Grassland,Prescribed,0.5,0.25,lichen,PreAndPost,7137,6.331729889,12.08259964,0.579271019,62,12787,0.845358014,3.086689949,0.016666667,6,0.016666667,0.083333333,6,0.016666667,0.1
Johansson and Reich ,2005,Johansson and Reich 2005,45.4019444,-93.19916667,Minnesota,I,,Grassland,Prescribed,0.5,0.25,lichen,PreAndPost,7137,6.331729889,12.08259964,0.579271019,62,12787,0.845358014,3.086689949,0.066666667,6,0.021081851,0.083333333,6,0.016666667,0.15
Johansson and St. Clair,1984,Johansson and St. Clair1984,,,Utah,NA,,Shrubland,Wildfire,60,0.25,lichen,BurnControl,,,,,,,,,0.02,10,0.014142136,1.26,10,0.700214253,1.28
Johansson and St. Clair,1984,Johansson and St. Clair1984,,,Utah,NA,,Shrubland,Wildfire,60,0.25,bryophyte,BurnControl,,,,,,,,,0,10,0,5.42,10,1.790027933,5.42
Johansson and St. Clair,1984,Johansson and St. Clair1984,,,Utah,NA,,Shrubland,Wildfire,60,0.25,lichen,BurnControl,,,,,,,,,0.46,10,0.325269119,1.2,10,0.813326503,1.66
Johansson and St. Clair,1984,Johansson and St. Clair1984,,,Utah,NA,,Shrubland,Wildfire,60,0.25,bryophyte,BurnControl,,,,,,,,,2.025,10,1.280722452,3.35,10,1.213397434,5.375
Michel et al. ,2012,Michel et al. 2012,-45.036111,170.2638889,"South Island, NZ",NA,,Grassland,Prescribed,108,0.25,bryophyte,BurnControl,6319,8.739040375,14.53050041,2.946830034,54,13671,0.785865009,3.551379919,37.11,180,21.7,70.24,180,9.89,107.35
Michel et al. ,2012,Michel et al. 2012,-45.036111,170.2638889,"South Island, NZ",NA,,Grassland,Prescribed,108,0.25,bryophyte,BurnControl,6319,8.739040375,14.53050041,2.946830034,54,13671,0.785865009,3.551379919,18.74,180,26.2,70.24,180,9.89,88.98
Michel et al. ,2012,Michel et al. 2012,-45.036111,170.2638889,"South Island, NZ",NA,,Grassland,Prescribed,108,0.25,bryophyte,BurnControl,6319,8.739040375,14.53050041,2.946830034,54,13671,0.785865009,3.551379919,16.18,180,5.78,10.01,180,4.12,26.19
Michel et al. ,2012,Michel et al. 2012,-45.036111,170.2638889,"South Island, NZ",NA,,Grassland,Prescribed,108,0.25,bryophyte,BurnControl,6319,8.739040375,14.53050041,2.946830034,54,13671,0.785865009,3.551379919,14.78,180,13.356,10.01,180,4.12,24.79
Nicholas et al.,2009,Nicholas et al.2009,-22.13055,132.021667,Northern Territories,NA,,Shrubland,Wildfire,48,LineIntercept,unknown,BurnControl,1275,23.15889931,30.53899956,15.77540016,30,22305,1.049769998,3.101830006,30.474,42,43.8827,55.937,42,29.661,86.411
Nicholas et al.,2009,Nicholas et al.2009,-22.13055,132.021667,Northern Territories,NA,,Grassland,Wildfire,48,LineIntercept,unknown,BurnControl,1275,23.15889931,30.53899956,15.77540016,30,22305,1.049769998,3.101830006,6.365,39,13.814,39.413,39,10.023,45.778
Nicholas et al.,2009,Nicholas et al.2009,-22.13055,132.021667,Northern Territories,NA,,Mixed,Wildfire,48,LineIntercept,unknown,BurnControl,1275,23.15889931,30.53899956,15.77540016,30,22305,1.049769998,3.101830006,15.711,24,28.39,44.966,24,41.987,60.677
Nicholas et al.,2009,Nicholas et al.2009,-22.13055,132.021667,Northern Territories,NA,,Shrubland,Wildfire,264,LineIntercept,unknown,BurnControl,1275,23.15889931,30.53899956,15.77540016,30,22305,1.049769998,3.101830006,47.539,42,39.82,55.937,42,29.661,103.476
Nicholas et al.,2009,Nicholas et al.2009,-22.13055,132.021667,Northern Territories,NA,,Grassland,Wildfire,264,LineIntercept,unknown,BurnControl,1275,23.15889931,30.53899956,15.77540016,30,22305,1.049769998,3.101830006,48.216,24,25.192,44.966,24,41.987,93.182
Palmer,unpub,Palmer et al. in prep,32.951372,-118.535808,California,IV,medium,Grassland,Prescribed,11,1,cyanobacteria/algae,BurnControl,1569,15.9,20.22,11.5769,18,17298,1.308,3.613,19.5375,80,2.126233354,3.974683544,80,0.737931682,23.51218354
Palmer,unpub,Palmer et al. in prep,32.951372,-118.535808,California,IV,medium,Grassland,Prescribed,11,1,lichen,BurnControl,1569,15.9,20.22,11.5769,18,17298,1.308,3.613,1.0375,80,0.40777404,0.4,80,0.078756153,1.4375
Palmer,unpub,Palmer et al. in prep,32.951372,-118.535808,California,IV,medium,Grassland,Prescribed,11,1,bryophyte,BurnControl,1569,15.9,20.22,11.5769,18,17298,1.308,3.613,1.225,80,0.510948175,0.175,80,0.049602853,1.4
Palmer,unpub,Palmer et al. in prep,32.951372,-118.535808,California,IV,medium,Grassland,Wildfire,11,1,cyanobacteria/algae,BurnControl,1569,15.9,20.22,11.5769,18,17298,1.308,3.613,13.6,40,1.680506639,2.018518519,26,0.335830554,15.61851852
Palmer,unpub,Palmer et al. in prep,32.951372,-118.535808,California,IV,medium,Grassland,Wildfire,11,1,lichen,BurnControl,1569,15.9,20.22,11.5769,18,17298,1.308,3.613,0.625,40,0.390081352,0.111111111,26,0.062807429,0.736111111
Palmer,unpub,Palmer et al. in prep,32.951372,-118.535808,California,IV,medium,Grassland,Wildfire,11,1,bryophyte,BurnControl,1569,15.9,20.22,11.5769,18,17298,1.308,3.613,1.9,40,0.583754427,0.222222222,26,0.083086419,2.122222222
Palmer,unpub,Palmer et al. in prep,32.951372,-118.535808,California,IV,medium,Grassland,Wildfire,72,1,cyanobacteria/algae,BurnControl,1569,15.9,20.22,11.5769,18,17298,1.308,3.613,3.35,40,0.855262743,1.980769231,26,0.340227039,5.330769231
Palmer,unpub,Palmer et al. in prep,32.951372,-118.535808,California,IV,medium,Grassland,Wildfire,72,1,lichen,BurnControl,1569,15.9,20.22,11.5769,18,17298,1.308,3.613,0.8,40,0.238047614,0.115384615,26,0.063897107,0.915384615
Palmer,unpub,Palmer et al. in prep,32.951372,-118.535808,California,IV,medium,Grassland,Wildfire,72,1,bryophyte,BurnControl,1569,15.9,20.22,11.5769,18,17298,1.308,3.613,0.875,40,0.203140409,0.230769231,26,0.084265009,1.105769231
Palmer,unpub,Palmer et al. in prep,32.951372,-118.535808,California,IV,medium,Grassland,Prescribed,24,1,cyanobacteria/algae,BurnControl,1569,15.9,20.22,11.5769,18,17298,1.308,3.613,10.21518987,80,1.970916005,1.6625,80,0.506271976,11.87768987
Palmer,unpub,Palmer et al. in prep,32.951372,-118.535808,California,IV,medium,Grassland,Prescribed,24,1,lichen,BurnControl,1569,15.9,20.22,11.5769,18,17298,1.308,3.613,2.658227848,80,0.830100024,1.2125,80,0.568891257,3.870727848
Palmer,unpub,Palmer et al. in prep,32.951372,-118.535808,California,IV,medium,Grassland,Prescribed,24,1,bryophyte,BurnControl,1569,15.9,20.22,11.5769,18,17298,1.308,3.613,4.658227848,80,0.911093679,0.5,80,0.124524412,5.158227848
Palmer,unpub,Palmer et al. in prep,32.951372,-118.535808,California,IV,medium,Grassland,Wildfire,24,1,cyanobacteria/algae,BurnControl,1569,15.9,20.22,11.5769,18,17298,1.308,3.613,11.66666667,40,2.701851217,2.275,40,0.799829709,13.94166667
Palmer,unpub,Palmer et al. in prep,32.951372,-118.535808,California,IV,medium,Grassland,Wildfire,24,1,lichen,BurnControl,1569,15.9,20.22,11.5769,18,17298,1.308,3.613,1.583333333,40,0.486055552,0.5,40,0.179028719,2.083333333
Palmer,unpub,Palmer et al. in prep,32.951372,-118.535808,California,IV,medium,Grassland,Wildfire,24,1,bryophyte,BurnControl,1569,15.9,20.22,11.5769,18,17298,1.308,3.613,5.666666667,40,1.485164734,0.6,40,0.137747446,6.266666667
Root et al. ,2017,Root et al. 2017,45.406,-113.994,Idaho,III,medium,Shrubland,Wildfire,192,1,lichen,BurnControl,2391,4.989250183,11.33199978,-1.353170037,26,14293,0.518747985,2.448980093,6.7525,6,3.445640025,8.315625,6,3.532815673,15.068125
Root et al. ,2017,Root et al. 2017,45.406,-113.994,Idaho,III,medium,Shrubland,Wildfire,180,1,lichen,BurnControl,2391,4.989250183,11.33199978,-1.353170037,26,14293,0.518747985,2.448980093,4.13,6,1.988851,4.947727,6,1.895842,9.077727
Root et al. ,2017,Root et al. 2017,45.406,-113.994,Idaho,III,medium,Shrubland,Wildfire,144,1,lichen,BurnControl,2391,4.989250183,11.33199978,-1.353170037,26,14293,0.518747985,2.448980093,4.666666667,6,2.194481419,3.213125,6,1.680175617,7.879791667
Root et al. ,2017,Root et al. 2017,45.406,-113.994,Idaho,III,medium,Shrubland,Prescribed,192,1,lichen,BurnControl,2391,4.989250183,11.33199978,-1.353170037,26,14293,0.518747985,2.448980093,2.16875,6,0.89302723,3.058928571,6,0.975643993,5.227678571
Schulten,1985,Schulten 1985,41.4245,-91.0432,Iowa,I,,Grassland,NA ,17,0.25,bryophyte,BurnControl,7250,10.14190006,15.61919975,4.665019989,75,13694,1.031190038,3.900350094,0.3,20,0.2,1.6,20,1.2,1.9
Strong et al. ,2010,Strong et al. 2010,-25.30639,137.9339,Northern Territories,,,,Wildfire,72,0.625,cyanobacteria/algae,BurnControl,,,,,,,,,0.7,9,0,53,9,6.3,53.7
Warren et al. ,2015,Warren et al. 2015,40.23,-112.4652778,Utah,IV,medium,Shrubland,Prescribed,0.5,0.25,bryophyte,BurnControl,1822,9.396249771,17.87649918,0.916999996,26,16787,0.578085005,3.253959894,0.357142857,10,0.595238095,0.714,10,1.548,1.071142857
Warren et al. ,2015,Warren et al. 2015,40.23,-112.4652778,Utah,IV,medium,Shrubland,Prescribed,0.5,0.25,bryophyte,BurnControl,1822,9.396249771,17.87649918,0.916999996,26,16787,0.578085005,3.253959894,2.0238,10,2.0238,5.714,10,3.9285,7.7378
Warren et al. ,2015,Warren et al. 2015,40.23,-112.4652778,Utah,IV,medium,Shrubland,Prescribed,0.5,0.25,bryophyte,BurnControl,1822,9.396249771,17.87649918,0.916999996,26,16787,0.578085005,3.253959894,2.619,10,2.73743,12.619,10,6.42857,15.238
Warren et al. ,2015,Warren et al. 2015,40.23,-112.4652778,Utah,IV,medium,Shrubland,Prescribed,0.5,0.25,lichen,BurnControl,1822,9.396249771,17.87649918,0.916999996,26,16787,0.578085005,3.253959894,0.2366,10,0.65083,0.35503,10,0.769311,0.59163
Warren et al. ,2015,Warren et al. 2015,40.23,-112.4652778,Utah,IV,medium,Shrubland,Prescribed,0.5,0.25,lichen,BurnControl,1822,9.396249771,17.87649918,0.916999996,26,16787,0.578085005,3.253959894,0.29585,10,0.6509,0.355,10,0.8284,0.65085
Warren et al. ,2015,Warren et al. 2015,40.23,-112.4652778,Utah,IV,medium,Shrubland,Prescribed,0.5,0.25,lichen,BurnControl,1822,9.396249771,17.87649918,0.916999996,26,16787,0.578085005,3.253959894,4.0828,10,2.18931,6.0355,10,2.722,10.1183
Warren et al. ,2015,Warren et al. 2015,40.23,-112.4652778,Utah,IV,medium,Shrubland,Prescribed,13,0.25,bryophyte,BurnControl,1822,9.396249771,17.87649918,0.916999996,26,16787,0.578085005,3.253959894,0.238095238,10,0.714285714,0.238,10,0.952,0.476095238
Warren et al. ,2015,Warren et al. 2015,40.23,-112.4652778,Utah,IV,medium,Shrubland,Prescribed,13,0.25,bryophyte,BurnControl,1822,9.396249771,17.87649918,0.916999996,26,16787,0.578085005,3.253959894,1.904,10,2.0236,1.5476,10,1.90467,3.4516
Warren et al. ,2015,Warren et al. 2015,40.23,-112.4652778,Utah,IV,medium,Shrubland,Prescribed,13,0.25,bryophyte,BurnControl,1822,9.396249771,17.87649918,0.916999996,26,16787,0.578085005,3.253959894,2.619,10,2.61903,5.71428,10,4.047619,8.33328
Warren et al. ,2015,Warren et al. 2015,40.23,-112.4652778,Utah,IV,medium,Shrubland,Prescribed,13,0.25,lichen,BurnControl,1822,9.396249771,17.87649918,0.916999996,26,16787,0.578085005,3.253959894,0.177,10,0.5325,0.295857,10,0.710059,0.472857
Warren et al. ,2015,Warren et al. 2015,40.23,-112.4652778,Utah,IV,medium,Shrubland,Prescribed,13,0.25,lichen,BurnControl,1822,9.396249771,17.87649918,0.916999996,26,16787,0.578085005,3.253959894,0.29585,10,0.71,0.355,10,0.8284,0.65085
Warren et al. ,2015,Warren et al. 2015,40.23,-112.4652778,Utah,IV,medium,Shrubland,Prescribed,13,0.25,lichen,BurnControl,1822,9.396249771,17.87649918,0.916999996,26,16787,0.578085005,3.253959894,4.0828,10,2.3077,5.1479,10,2.42604,9.2307
Warren et al. ,2015,Warren et al. 2015,40.23,-112.4652778,Utah,IV,medium,Shrubland,Prescribed,22,0.25,bryophyte,BurnControl,1822,9.396249771,17.87649918,0.916999996,26,16787,0.578085005,3.253959894,0.357142857,10,0.595238095,0.714,10,1.4286,1.071142857
Warren et al. ,2015,Warren et al. 2015,40.23,-112.4652778,Utah,IV,medium,Shrubland,Prescribed,22,0.25,bryophyte,BurnControl,1822,9.396249771,17.87649918,0.916999996,26,16787,0.578085005,3.253959894,0.71428,10,1.1905,3.333,10,2.7381,4.04728
Warren et al. ,2015,Warren et al. 2015,40.23,-112.4652778,Utah,IV,medium,Shrubland,Prescribed,22,0.25,bryophyte,BurnControl,1822,9.396249771,17.87649918,0.916999996,26,16787,0.578085005,3.253959894,1.42857,10,1.90476,2.738095,10,2.381019,4.166665
Warren et al. ,2015,Warren et al. 2015,40.23,-112.4652778,Utah,IV,medium,Shrubland,Prescribed,22,0.25,lichen,BurnControl,1822,9.396249771,17.87649918,0.916999996,26,16787,0.578085005,3.253959894,0.23668,10,0.53254,0.177514,10,0.76923,0.414194
Warren et al. ,2015,Warren et al. 2015,40.23,-112.4652778,Utah,IV,medium,Shrubland,Prescribed,22,0.25,lichen,BurnControl,1822,9.396249771,17.87649918,0.916999996,26,16787,0.578085005,3.253959894,0.29585,10,0.710057,0.88757,10,0.94678,1.18342
Warren et al. ,2015,Warren et al. 2015,40.23,-112.4652778,Utah,IV,medium,Shrubland,Prescribed,22,0.25,lichen,BurnControl,1822,9.396249771,17.87649918,0.916999996,26,16787,0.578085005,3.253959894,2.95858,10,1.83449,5.088,10,2.48514,8.04658
